url_path,views_total,views_unique
/HiveMesh/wasmate-runtime/pulls,4,1
/HiveMesh/wasmate-runtime,3,2
/HiveMesh/wasmate-runtime/security/dependabot/11,3,1
/HiveMesh/wasmate-runtime/pull/76,2,1
/HiveMesh/wasmate-runtime/security,2,1
/HiveMesh/wasmate-runtime/security/dependabot,2,1
/HiveMesh/wasmate-runtime/actions,1,1
/HiveMesh/wasmate-runtime/actions/runs/13913079598,1,1
/HiveMesh/wasmate-runtime/actions/runs/13913079598/job/38931073786,1,1
/HiveMesh/wasmate-runtime/blob/main/cmd/wasmate-runtime/main.go,1,1
